2020-02-20 22:34 ~ momo__handmade__ ~ None,
2020-02-20 23:04 ~ khusainovafardana ~ 23120971012,
2020-02-20 23:05 ~ blessyou.hk ~ 29525329288,
2020-02-20 23:06 ~ zxcv0912750812 ~ 5332951689,
2020-02-20 23:15 ~ yahui5576 ~ 4259759516,
2020-02-20 23:28 ~ susanchang19690805 ~ 4522046027,
2020-02-20 23:29 ~ levre_taipei ~ 2549880095,
2020-02-20 23:30 ~ atelierj_fujimoto_emiko ~ 5959925443,
2020-02-20 23:32 ~ coronmama04 ~ 6111668080,
2020-02-20 23:33 ~ lalaiya_2017 ~ 5903184501,
2020-02-20 23:34 ~ sabina930670 ~ 4783768772,
2020-02-20 23:40 ~ fardanakhusainova ~ 7545448462,
2020-02-20 23:53 ~ alessialu.art ~ 10139003303,
2020-02-20 23:54 ~ nata.traveller ~ 318084180,
2020-02-20 23:55 ~ neoneet2018 ~ 6989298939,
2020-02-20 23:57 ~ vamirashi.9 ~ 8624256594,
2020-02-20 23:58 ~ pan_nini.320 ~ 5465446064,
2020-02-20 23:59 ~ msdiy_8825959 ~ 6058180137,
2020-02-21 00:04 ~ niceyoyo1001 ~ 5026650431,
2020-02-21 00:05 ~ stephtheofficial ~ 1701346687,
2020-02-21 00:06 ~ cu0013 ~ 1968149739,
2020-02-21 00:07 ~ suyeehuang ~ 16753843881,
2020-02-21 00:09 ~ letstryageage70 ~ 8522247049,
2020-02-21 00:10 ~ shining_hlw_58 ~ 21712175877,
